from,to,detail,type,contract_size
UK government,Topham Guerin,"Topham Guerin was <a target=""_blank"" href=""https://www.opendemocracy.net/en/dark-money-investigations/revealed-tory-linked-pr-firm-given-3m-covid-19-contract-without-tender/"">awarded a £3 million contract</a> by the Cabinet Office to work on COVID-19 messaging without tender",contract,3000
Topham Guerin,Ben Guerin,Ben Guerin is a founding partner of Topham Guerin,member,
Topham Guerin,Sean Topham,Sean Topham is a founding partner of Topham Guerin,member,
Conservative party,Topham Guerin,"Topham Guerin was hired to run <a target=""_blank"" href=""https://www.ft.com/content/a61cd0b2-0ba4-11ea-bb52-34c8d9dc6d84"">digital campaign strategy</a> for the Conservatives in the 2019 election, including a stunt where the Conservative party Twitter account was renamed ""factcheckUK"" in an attempt to mislead users",contract,
Conservative party,Michael Gove,Michael Gove is a Conservative MP and Minister for the Cabinet Office,member,
UK government,Public First,"Public First was awarded an <a target=""_blank"" href=""https://www.opendemocracy.net/en/dark-money-investigations/revealed-key-cummings-ally-given-840000-covid-contract-without-competition/"">£840,000 contract</a> without open tender, though the firm ultimately invoiced the Cabinet Office <a href=""https://www.theguardian.com/politics/2020/nov/18/no-documentation-no-justification-nao-criticism-of-covid-contracts"">a smaller sum of £550,000</a>",contract,840
Public First,James Frayne,James Frayne is a founding partner of PR firm Public First,member,
New Frontiers Foundation,James Frayne,"James Frayne was a founding member of New Frontiers Foundation, a rightwing think tank",member,
New Frontiers Foundation,Dominic Cummings,"Dominic Cummings was a founding member of New Frontiers Foundation, a rightwing think tank",member,
Public First,Rachel Wolf,Rachel Wolf is a founding partner of PR firm Public First,member,
Rachel Wolf,Michael Gove,Rachel Wolf is a former adviser to Michael Gove,job,
Conservative party,Rachel Wolf,Rachel Wolf co-wrote the 2019 Tory manifesto,job,
Business for Sterling,James Frayne,"James Frayne was a policy research for ""Business for Sterling"", a campaign against Britain joining the Euro",member,
Business for Sterling,Dominic Cummings,"Dominic Cummings was campaign director at ""Business for Sterling"", a campaign against Britain joining the Euro",member,
Conservative party,Dominic Cummings,"Dominic Cummings recently served as Chief Adviser to the Prime Minister, and previously as Director of Strategy for then-leader Iain Duncan-Smith in 2002",job,
Dominic Cummings,Michael Gove,"Dominic Cummings was a Special Adviser to Michael Gove at Department for Education, 2011-2014",job,
New Schools Network,Rachel Wolf,Rachel Wolf founded the New Schools Network,member,
New Schools Network,Dominic Cummings,Dominic Cummings worked as a paid freelancer for the New Schools Network in 2010,job,
Babylon Health,Dominic Cummings,Dominic Cummings served as a Communications adviser for Babylon Health until 2018,job,
Babylon Health,Matt Hancock,"Matt Hancock appeared in a <a target=""_blank"" href=""https://www.theguardian.com/politics/2018/nov/30/matt-hancock-accused-of-breaching-code-over-gp-app-endorsement"">paid ""advertorial"" for Babylon Health</a> in the Evening Standard",job,
Conservative party,Matt Hancock,Matt Hancock is a Conservative MP and government minister,member,
Conservative party,Globus (Shetland),"Globus (Shetland) has donated <a target=""_blank"" href=""http://search.electoralcommission.org.uk/?currentPage=1&rows=10&query=globus&sort=AcceptedDate&order=desc&tab=1&et=pp&et=ppm&et=tp&et=perpar&et=rd&isIrishSourceYes=true&isIrishSourceNo=true&prePoll=false&postPoll=true&register=gb&register=ni&register=none&optCols=Register&optCols=CampaigningName&optCols=AccountingUnitsAsCentralParty&optCols=IsSponsorship&optCols=IsIrishSource&optCols=RegulatedDoneeType&optCols=CompanyRegistrationNumber&optCols=Postcode&optCols=NatureOfDonation&optCols=PurposeOfVisit&optCols=DonationAction&optCols=ReportedDate&optCols=IsReportedPrePoll&optCols=ReportingPeriodName&optCols=IsBequest&optCols=IsAggregation"">more than £350,000</a> to the Tories since 2016",donor,350
UK government,Globus (Shetland),"Globus (Shetland) was awarded a <a target=""_blank"" href=""https://bylinetimes.com/2020/09/16/company-conservative-donations-government-ppe-procurement-deal/"">£93 million PPE contract</a> by the UK government",contract,93000
UK government,Conservative party,The Conservatives have been in government since 2010 (in coalition) and since 2015 as a single-party government,member,
UK government,Boris Johnson,Boris Johnson is the Prime Minister,member,
Conservative party,Boris Johnson,Boris Johnson is a Conservative MP and currently Prime Minister,member,
Leader's Club,Boris Johnson,The Prime Minister regularly attends private dinners and drinks receptions with this group of wealthy Tory donors,group,
Globus Group,Haraldur Agustsson,Agustsson is CEO of Globus Group,job,
UK government,Serco,"Serco has been awarded <a target=""_blank"" href=""https://www.opendemocracy.net/en/dark-money-investigations/revealed-failing-serco-won-another-57m-covid-contract-without-competition/"">several large government contracts</a>, including a contact-tracing contract that is reportedly worth up to £410 million and a contract for COVID-19 testing centres worth £57 million",contract,467000
Conservative party,Edward Argar,Edward Argar is a Conservative MP and government minister,member,
UK government,Edward Argar,Edward Argar is a Conservative MP and government minister,job,
Serco,Edward Argar,Edward Argar was formerly head of UK and Europe public affairs at Serco,job,
Rupert Soames,Nicholas Soames,Rupert and Nicholas Soames are brothers,family,
Conservative party,Nicholas Soames,Nicholas Soames was a Conservative MP,member,
UK government,Randox,"Randox has been awarded <a target=""_blank"" href=""https://www.theguardian.com/world/2020/nov/04/tory-linked-firm-involved-in-testing-failure-awarded-new-347m-covid-contract"">contracts for COVID-19 testing worth nearly £500 million</a> unopposed, despite the company having to recall tests over the summer due to fears of contamination",contract,480000
Randox,Owen Paterson,"Conservative MP Owen Paterson is <a target=""_blank"" href=""https://www.theguardian.com/world/2020/nov/04/tory-linked-firm-involved-in-testing-failure-awarded-new-347m-covid-contract"">paid £100,000 per year by Randox</a> to serve as a ""consultant""",job,
UK 2020,Owen Paterson,"Think tank ""UK 2020"" founded by Conservative MP Owen Patterson",member,
UK 2020,Unknown donors,"Conservative MP Owen Paterson received at least £39,000 from unknown donors to fund overseas trips via his thinktank ""UK 2020""",donor,39
UK 2020,Randox,"Randox sponsored a ""UK 2020"" report",connection,
UK 2020,Christopher Bullivant,"Christopher Bullivant was a member of rightwing think tank ""UK 2020""",member,
Owen Paterson,Christopher Bullivant,Conservative MP Owen Paterson granted Christopher Bullivant a parliamentary pass,informal,
Owen Paterson,Matt Ridley,Owen Paterson was married to Matt Ridley's sister Rose Paterson,family,
UK government,P14 Medical,"P14 Medical was awarded a <a target=""_blank"" href=""https://www.opendemocracy.net/en/dark-money-investigations/government-accused-of-cronyism-after-tory-councillor-wins-156m-covid-contract/"">£156 million contract</a> to import PPE from China, without any competition",contract,156000
P14 Medical,Steve Dechan,"Steve Dechan, a former Conservative local councillor, is the founder of P14 Medical",job,
UK government,Ayanda Capital,"Ayanda Capital, a family investment fund with no prior links to the healthcare sector, was awarded a £252 million contract to supply face masks, which were then found to be faulty",contract,252000
Liz Truss,Andrew Mills,Andrew Mills is an adviser to Tory minister Liz Truss,job,
Ayanda Capital,Andrew Mills,Andrew Mills was an adviser to Ayanda Capital and brokered the deal under which Ayanda was to provide 50 million face masks to the UK government,job,
John Penrose,Dido Harding,Dido Harding is married to Conservative MP John Penrose,family,
McKinsey,John Penrose,John Penrose formerly worked at McKinsey,job,
McKinsey,Dido Harding,Dido Harding formerly worked at McKinsey,job,
David Cameron,Dido Harding,David Cameron and Dido Harding are friends and attended Oxford University together,informal,
PPE Medpro,Anthony Page,"Anthony Page founded PPE Medpro in 2020, just a month before it was awarded a large government contract",job,
UK government,PPE Medpro,"PPE Medro was awarded a <a target=""_blank"" href=""https://bylinetimes.com/2020/09/14/government-awards-122-million-ppe-contract-to-one-month-old-firm/"">£122 million contract</a> to supply PPE to the NHS",contract,122000
Anthony Page,Michelle Mone,"Before founding PPE Medpro, Anthony Page was the secretary of the company which manages Michelle Mone's ""brand""",job,
UK government,Dido Harding,Dido Harding runs the NHS Test and Trace program,job,
Douglas Barrowman,Knox Group,Douglas Barrowman founded the Knox group of companies,job,
Douglas Barrowman,Michelle Mone,Douglas Barrowman and Michelle Mone are engaged,family,
Conservative party,Lancaster Knox,"Lancaster Knox has given <a target=""_blank"" href=""http://search.electoralcommission.org.uk/?currentPage=1&rows=10&query=lancaster%20knox&sort=AcceptedDate&order=desc&tab=1&et=pp&et=ppm&et=tp&et=perpar&et=rd&isIrishSourceYes=true&isIrishSourceNo=true&prePoll=false&postPoll=true&register=gb&register=ni&register=none&optCols=Register&optCols=CampaigningName&optCols=AccountingUnitsAsCentralParty&optCols=IsSponsorship&optCols=IsIrishSource&optCols=RegulatedDoneeType&optCols=CompanyRegistrationNumber&optCols=Postcode&optCols=NatureOfDonation&optCols=PurposeOfVisit&optCols=DonationAction&optCols=ReportedDate&optCols=IsReportedPrePoll&optCols=ReportingPeriodName&optCols=IsBequest&optCols=IsAggregation"">over £200,000 to the Conservative party</a> since 2017",donor,200
Serco,Rupert Soames,Rupert Soames is CEO of outsourcing company Serco,job,
Conservative party,Matt Ridley,Matt Ridley is a Conservative hereditary peer,job,
Conservative party,Owen Paterson,Owen Paterson is a Conservative MP,job,
Conservative party,John Penrose,John Penrose is a Conservative MP,job,
Conservative party,David Cameron,David Cameron was a Conservative Prime Minister,job,
Conservative party,Liz Truss,Liz Truss is a Conservative MP and minister,job,
Conservative party,Steve Dechan,"Steve Dechan was a Conservative local councillor for Stroud, until he stood down in August 2020",job,
Conservative party,Michelle Mone,Michelle Mone was made into a Conservative peer by David Cameron in 2015,job,
Knox House Trust,Anthony Page,Anthony Page is the Director of the Family Office at Knox House Trust,job,
Knox Group,Knox House Trust,Knox House Trust is part of the Knox group of companies,corporate,
Knox Group,Lancaster Knox,Lancaster Knox is part of the Knox group of companies,corporate,
Conservative party,Douglas Barrowman,"Billionaire Douglas Barrowman tried to <a target=""_blank"" href=""http://search.electoralcommission.org.uk/English/Donations/I0405715"">donate £2,500</a> to the Tories in 2019, but it was returned since he was not on the electoral register at the time, making him an ""impermissible donor"" under the current rules. ",donor,2.5
Andrew Feldman,Deborah Feldman,Andrew and Deborah Feldman are siblings,family,
Conservative party,Andrew Feldman,Andrew Feldman was made a Conservative peer in 2010 and previously served as co-chairman of the Conservative party,job,
David Cameron,Andrew Feldman,"Andrew Feldman has been described as David Cameron's <a target=""_blank"" href=""https://www.ft.com/content/2e79710a-6e31-11e1-baa5-00144feab49a#axzz2TdHhaKcC"">oldest political friend""</a>. Feldman ran fundraising for Cameron's successful Tory leadership bid in 2005. Cameron subsequently made Feldman a life peer in 2010.",connection,
Topham Guerin,Deborah Feldman,Deborah Feldman is a Managing Director at Topham Guerin,job,
Andrew Feldman,Jayroma,"Andrew Feldman created London-based clothing company Jayroma, and used it to <a target=""_blank"" href=""https://www.theguardian.com/politics/2013/jun/01/lord-feldman-row-corporation-tax-tory"">funnel tens of thousands of pounds</a> in donations to the Conservative party",job,
Conservative party,Jayroma,"Andrew Feldman used his clothing company to <a target=""_blank"" href=""http://search.electoralcommission.org.uk/?currentPage=2&rows=10&query=jayroma&sort=AcceptedDate&order=desc&tab=1&et=pp&et=ppm&et=tp&et=perpar&et=rd&isIrishSourceYes=true&isIrishSourceNo=true&prePoll=false&postPoll=true&register=gb&register=ni&register=none&optCols=Register&optCols=CampaigningName&optCols=AccountingUnitsAsCentralParty&optCols=IsSponsorship&optCols=IsIrishSource&optCols=RegulatedDoneeType&optCols=CompanyRegistrationNumber&optCols=Postcode&optCols=NatureOfDonation&optCols=PurposeOfVisit&optCols=DonationAction&optCols=ReportedDate&optCols=IsReportedPrePoll&optCols=ReportingPeriodName&optCols=IsBequest&optCols=IsAggregation"">funnel over £100,000</a> in donations to the Conservative party",donor,100
David Cameron,Jayroma,"Jayroma, the clothing company run by Andrew Feldman, <a target=""_blank"" href=""http://search.electoralcommission.org.uk/?currentPage=2&rows=10&query=jayroma&sort=AcceptedDate&order=desc&tab=1&et=pp&et=ppm&et=tp&et=perpar&et=rd&isIrishSourceYes=true&isIrishSourceNo=true&prePoll=false&postPoll=true&register=gb&register=ni&register=none&optCols=Register&optCols=CampaigningName&optCols=AccountingUnitsAsCentralParty&optCols=IsSponsorship&optCols=IsIrishSource&optCols=RegulatedDoneeType&optCols=CompanyRegistrationNumber&optCols=Postcode&optCols=NatureOfDonation&optCols=PurposeOfVisit&optCols=DonationAction&optCols=ReportedDate&optCols=IsReportedPrePoll&optCols=ReportingPeriodName&optCols=IsBequest&optCols=IsAggregation"">donated £10,000 to David Cameron's leadership campaign</a> in 2005",donor,10
Kate Bingham,Jesse Norman,Kate Bingham is married to Conservative MP and government minister Jesse Norman,family,
UK government,Kate Bingham,Kate Bingham was appointed to run the UK Vaccine Taskforce,job,
UK government,Patrick Vallance,Patrick Vallance is the Chief Scientific Adviser to the UK government,job,
Patrick Vallance,GlaxoSmithKline,"Patrick Vallance was president of research and development at GlaxoSmithKline (GSK) from 2012 to 2018. Vallance currently holds <a target=""_blank"" href=""https://www.theguardian.com/uk-news/2020/nov/08/uks-coronavirus-vaccine-taskforce-chief-faces-questions-over-biotech-fund"">£600,000 worth of GSK shares</a> as part of a deferred bonus.",job,
Rachel Johnson,Boris Johnson,Rachel and Boris Johnson are siblings,family,
Kate Bingham,Rachel Johnson,"Kate Bingham and Rachel Johnson <a target=""_blank"" href=""https://www.spectator.co.uk/article/boomer-and-bust-covid-is-fast-forwarding-us-into-retirement"">went to school together</a> at St Paul's Girls' School",connection,
Rachel Johnson,Jo Johnson,Rachel and Jo Johnson are siblings,family,
Boris Johnson,Jo Johnson,Boris and Jo Johnson are siblings. Boris Johnson elevated his brother Jo to the House of Lords in the 2019 honours list.,family,
Rachel Johnson,Ivo Dawnay,Rachel Johnson is married to Ivo Dawnay,family,
Tom Bingham,Ivo Dawnay,"Tom Bingham and Ivo Dawnay <a target=""_blank"" href=""Tom Bingham"">are cousins</a>",family,
Tom Bingham,Kate Bingham,Kate Bingham is the daughter of Tom Bingham,family,
Tom Bingham,Ivo Dawnay,"Ivo Dawnay ran Tom Bingham's <a target=""_blank"" href=""https://www.theguardian.com/education/2003/mar/17/highereducation.careers1"">campaign to be chancellor of Oxford University</a> in 2003",job,
Boris Johnson,Max Johnson,Max Johnson is a half-brother to Boris Johnson,family,
Max Johnson,REVIV Global,"Max Johnson <a target=""_blank"" href=""https://www.mirror.co.uk/news/politics/covid-19-test-firm-chief-22743592"">joined the board of REVIV Global</a>, whose medical director said he hoped the appointment would ""open doors"" for the company.",job,
REVIV Global,UK government,"REVIV Global is <a target=""_blank"" href=""REVIV Global"">reportedly in talks with the UK government</a> about providing COVID-19 testing",meeting,
Leader's Club,Haraldur Agustsson,"Haraldur Agustsson is part of the exclusive ""Leaders' Club"" for wealthy Conservative donors",member,
Globus Group,Globus (Shetland),Globus (Shetland) is part of Globus Group,corporate,
Globus Group,Alpha Solway,Alpha Solway is part of Globus Group,corporate,
Scottish government,Alpha Solway,"Alpha Solway has been awarded several large contracts by the Scottish government, including a <a target=""_blank"" href=""https://www.bbc.com/news/uk-scotland-south-scotland-53951073"">£53 million contract</a> to provide PPEE to NHS Scotland",contract,
Mauritius,Ayanda Capital,"Ayanda Capital is registered in Mauritius, a notorious tax haven",jurisdiction,
Isle of Man,Knox House Trust,"Knox House Trust is registered in the Isle of Man, a tax haven",jurisdiction,
UK government,Scottish government,"Many aspects of the COVID-19 response are the responsibility of the devolved administrations in Northern Ireland, Scotland and Wales",connection,
Conservative party,Jesse Norman,Jesse Norman is a Conservative MP and government minister,job,
Conservative party,David Meller,"David Meller has <a target=""_blank"" href=""http://search.electoralcommission.org.uk/?currentPage=1&rows=10&query=david%20meller&sort=AcceptedDate&order=desc&tab=1&et=pp&et=ppm&et=tp&et=perpar&et=rd&isIrishSourceYes=true&isIrishSourceNo=true&prePoll=false&postPoll=true&register=gb&register=ni&register=none&optCols=Register&optCols=CampaigningName&optCols=AccountingUnitsAsCentralParty&optCols=IsSponsorship&optCols=IsIrishSource&optCols=RegulatedDoneeType&optCols=CompanyRegistrationNumber&optCols=Postcode&optCols=NatureOfDonation&optCols=PurposeOfVisit&optCols=DonationAction&optCols=ReportedDate&optCols=IsReportedPrePoll&optCols=ReportingPeriodName&optCols=IsBequest&optCols=IsAggregation"">donated nearly £60,000 to the Conservative party</a> since 2015",donor,60
Meller Group,Meller Designs,Meller Designs is part of the Meller Group,,
Meller Group,David Meller,"David Meller was <a target=""_blank"" href=""https://find-and-update.company-information.service.gov.uk/company/05712299/officers"">a director at the Meller Group</a> until 2013",job,
Meller Designs,David Meller,"David Meller was <a target=""_blank"" href=""https://find-and-update.company-information.service.gov.uk/company/00502663/officers"">a director at Meller Designs</a> until 2013",job,
Meller Designs,UK government,"Meller Designs has been awarded <a target=""_blank"" href=""https://bylinetimes.com/2020/11/02/minister-meetings-fuel-conservative-procurement-scandal/"">£155 million in contracts to provide masks and hand sanitizer</a> by the Department of Health and Social Care (DHSC)",contract,155000
Meller Designs,James Bethell,"Lord James Bethell, who serves as Parliamentary Under Secretary of State at the Department of Health and Social Care, and Lord Andrew Feldman <a target=""_blank"" href=""https://bylinetimes.com/2020/11/02/minister-meetings-fuel-conservative-procurement-scandal/"">met with Meller Designs in April 2020</a>, a month before the company was awarded a series of government contracts to provide PPE",meeting,
Topham Guerin,James Bethell,"Lord James Bethell <a target=""_blank"" href=""https://bylinetimes.com/2020/11/02/minister-meetings-fuel-conservative-procurement-scandal/"">met with Tory-connected PR firm Topham Guerin in May 2020</a>, a few months before the firm was awarded a £3 million contract to work on digital messaging",meeting,
UK government,Clipper Logistics,"Clipper Logistics <a target=""_blank"" href=""https://bylinetimes.com/2020/10/25/500-million-government-ppe-deals-conservative-companies-donors/"">won a £1.3 million government contract</a> to distribute PPE",contract,1.3
Clipper Logistics,Steve Parkin,"Steve Parkin is the founder and a <a href=""https://find-and-update.company-information.service.gov.uk/officers/1blNOR0nSqzSuK6wu54XkJ_92Ac/appointments"">current director</a> of Clipper Logistics",job,
Conservative party,Steve Parkin,"Steve Parkin, founder of Clipper Logistics, has <a target=""_blank"" href=""http://search.electoralcommission.org.uk/?currentPage=1&rows=10&query=Steve%20Parkin&sort=AcceptedDate&order=desc&tab=1&et=pp&et=ppm&et=tp&et=perpar&et=rd&isIrishSourceYes=true&isIrishSourceNo=true&prePoll=false&postPoll=true&register=gb&register=ni&register=none&optCols=Register&optCols=CampaigningName&optCols=AccountingUnitsAsCentralParty&optCols=IsSponsorship&optCols=IsIrishSource&optCols=RegulatedDoneeType&optCols=CompanyRegistrationNumber&optCols=Postcode&optCols=NatureOfDonation&optCols=PurposeOfVisit&optCols=DonationAction&optCols=ReportedDate&optCols=IsReportedPrePoll&optCols=ReportingPeriodName&optCols=IsBequest&optCols=IsAggregation"">given £725,000 to the Conservative party</a> since 2017",donor,725
Meller Designs,Andrew Feldman,"Lord Andrew Feldman and Lord James Bethell <a target=""_blank"" href=""https://bylinetimes.com/2020/11/02/minister-meetings-fuel-conservative-procurement-scandal/"">met with Meller Designs in April 2020</a>, a month before the company was awarded a series of government contracts to provide PPE",meeting,
Randox,James Bethell,"Lord James Bethell <a target=""_blank"" href=""https://assets.publishing.service.gov.uk/government/uploads/system/uploads/attachment_data/file/930813/dhsc-ministers-meetings-april-to-june2020.csv/preview"">held a phone call with Randox</a>, which has been awarded multimillion pound contracts for COVID-19 testing, and Owen Paterson, a Conservative MP who also works as a paid consultant for Randox",meeting,
Randox,Owen Paterson,"Conservative MP Owen Paterson held a phone call with Randox, where he works as a paid adviser, and Lord James Bethell <a target=""_blank"" href=""https://assets.publishing.service.gov.uk/government/uploads/system/uploads/attachment_data/file/930813/dhsc-ministers-meetings-april-to-june2020.csv/preview"">to ""discuss COVID-19 testing""</a> ",meeting,
James Bethell,Owen Paterson,"Lord James Bethell <a target=""_blank"" href=""https://assets.publishing.service.gov.uk/government/uploads/system/uploads/attachment_data/file/930813/dhsc-ministers-meetings-april-to-june2020.csv/preview"">held a phone call with Randox</a>, which has been awarded multimillion pound contracts for COVID-19 testing, and Owen Paterson, a Conservative MP who also works as a paid consultant for Randox",meeting,
David Meller,Policy Exchange,"David Meller was a trustee of the Conservative-leaning think tank, Policy Exchange, founded by Michael Gove",job,
Michael Gove,Policy Exchange,"Michael Gove founded the Conservative-leaning think tank, Policy Exchange",job,
Theodore Agnew,Policy Exchange,"Theodore Agnew was a trustee of the Conservative-leaning think tank, Policy Exchange, founded by Michael Gove",job,
Conservative party,Theodore Agnew,"Theordore Agnew has <a target=""_blank"" href=""http://search.electoralcommission.org.uk/?currentPage=1&rows=10&query=theodore%20agnew&sort=AcceptedDate&order=desc&tab=1&et=pp&et=ppm&et=tp&et=perpar&et=rd&isIrishSourceYes=true&isIrishSourceNo=true&prePoll=false&postPoll=true&register=gb&register=ni&register=none&optCols=Register&optCols=CampaigningName&optCols=AccountingUnitsAsCentralParty&optCols=IsSponsorship&optCols=IsIrishSource&optCols=RegulatedDoneeType&optCols=CompanyRegistrationNumber&optCols=Postcode&optCols=NatureOfDonation&optCols=PurposeOfVisit&optCols=DonationAction&optCols=ReportedDate&optCols=IsReportedPrePoll&optCols=ReportingPeriodName&optCols=IsBequest&optCols=IsAggregation"">given almost £150,000 to the Conservative party</a> since 2007",donor,150
David Meller,Michael Gove,"David Meller <a target=""_blank"" href=""http://search.electoralcommission.org.uk/?currentPage=1&rows=10&query=david%20meller&sort=AcceptedDate&order=desc&tab=1&et=pp&et=ppm&et=tp&et=perpar&et=rd&isIrishSourceYes=true&isIrishSourceNo=true&prePoll=false&postPoll=true&register=gb&register=ni&register=none&optCols=Register&optCols=CampaigningName&optCols=AccountingUnitsAsCentralParty&optCols=IsSponsorship&optCols=IsIrishSource&optCols=RegulatedDoneeType&optCols=CompanyRegistrationNumber&optCols=Postcode&optCols=NatureOfDonation&optCols=PurposeOfVisit&optCols=DonationAction&optCols=ReportedDate&optCols=IsReportedPrePoll&optCols=ReportingPeriodName&optCols=IsBequest&optCols=IsAggregation"">gave over £3,000 to Michael Gove's short-lived Conservative leadership campaign</a> in 2016",donor,3
Leader's Club,Steve Parkin,"Steve Parkin is reportedly a <a target=""_blank"" href=""https://www.opendemocracy.net/en/dark-money-investigations/revealed-the-elite-dining-club-behind-130m-donations-to-the-tories/"">member of the Leader's Club</a>, the exclusive dining club for wealthy Conservative donors",member,
UK government,David Meller,"Conservative donor David Meller served as a <a target=""_blank"" href=""https://www.theguardian.com/uk-news/2018/jan/24/david-meller-presidents-club-groping-scandal-wealthy-tory-donor"">non-executive board member for the Department of Education</a> from 2013 to 2018",job,
UK government,Purple Surgical,"Purple Surgical was awarded a <a target=""_blank"" href=""https://www.theguardian.com/society/2020/nov/03/45m-deal-for-nhs-masks-collapses-amid-claims"">£45 million government contract to provide medical-grade respirators</a>, which fell through",contract,45000
Purple Surgical,Win Billion Investment Group,"Purple Surgical <a target=""_blank"" href=""https://www.theguardian.com/society/2020/nov/03/45m-deal-for-nhs-masks-collapses-amid-claims"">signed a deal with Win Billion</a>, a company registered in the British Virgin Islands, to provide medical-grade respirators",corporate,
British Virgin Islands,Win Billion Investment Group,Win Billion Investment Group is registered in the British Virgin Islands,jurisdiction,
Gareth Hales,Unispace Global,"Gareth Hales, a prominent member of the Evangelical Christian group Exclusive Brethen, has <a target=""_blank"" href=""https://find-and-update.company-information.service.gov.uk/company/07719633/persons-with-significant-control"">""significant influence or control""</a> over Unispace Global",job,
UK government,Unispace Global,"Unispace Global was awarded an <a target=""_blank"" href=""https://bylinetimes.com/2020/08/10/companies-linked-to-exclusive-brethren-evangelical-sect-awarded-hundreds-of-millions-of-ppe-government-contracts/"">£108 million government contract to provide PPE",contract,108000
UK government,Tower Supplies,"Tower Supplies was apparently awarded a <a target=""_blank"" href=""https://bylinetimes.com/2020/08/10/companies-linked-to-exclusive-brethren-evangelical-sect-awarded-hundreds-of-millions-of-ppe-government-contracts/"">£40 million government contract</a> to provide PPE",contract,40000
Charlie Aris,Tower Supplies,Charlie Aris is CEO of Tower Supplies,job,
Charlie Aris,UBT,"According to his LinkedIn profile, Charles Aris did <a target=""_blank"" href=""https://bylinetimes.com/2020/08/10/companies-linked-to-exclusive-brethren-evangelical-sect-awarded-hundreds-of-millions-of-ppe-government-contracts/"">business training with UBT</a>, which is part of the Exclusive Brethren network",job,
The Bloomhill Trust,OneSchool Global,The Bloomhill Trust is part of OneSchool Global,corporate,
Blueleaf,UK government,"Blueleaf was awarded a <a target=""_blank"" href=""https://bylinetimes.com/2020/08/10/companies-linked-to-exclusive-brethren-evangelical-sect-awarded-hundreds-of-millions-of-ppe-government-contracts/"">£4 million government contract</a> to provide PPE",contract,4000
Exclusive Brethren,OneSchool Global,"OneSchool Global is associated with, and funded by, the Plymouth Brethren ",corporate,
Tim Browning,Techniclean Supply Ltd,"Tim Browning was a <a target=""_blank"" href=""https://find-and-update.company-information.service.gov.uk/officers/3aL8WwEQI9eUrICYvcr-OSQBmcQ/appointments"">director</a> at Techniclean Supply and its holding company",job,
Tim Browning,OneSchool Global,"Tim Browning is a <a target=""_blank"" href=""https://find-and-update.company-information.service.gov.uk/company/10763413"">director</a> at OneSchool Global",job,
UK government,Medco Solutions,"Medco Solutions was awarded <a target=""_blank"" href=""https://bylinetimes.com/2020/08/10/companies-linked-to-exclusive-brethren-evangelical-sect-awarded-hundreds-of-millions-of-ppe-government-contracts/"">over £10 million in two government contracts</a> to provide face masks and protective garments",contract,10000
Medco Solutions,Ross Robertson,"Ross Robertson is a <a target=""_blank"" href=""https://find-and-update.company-information.service.gov.uk/officers/BqGHSUroZjeM3qJ_5pqD48XTGvU/appointments"">director</a> of Medco Solutions",job,
OneSchool Global,Fulmer Education Trust,"Fulmer Education Trust is <a target=""_blank"" href=""https://bylinetimes.com/2020/08/10/companies-linked-to-exclusive-brethren-evangelical-sect-awarded-hundreds-of-millions-of-ppe-government-contracts/"">part of the OneSchool Global network</a>",corporate,
Fulmer Education Trust,Ross Robertson,"Ross Robertson is a <a target=""_blank"" href=""https://register-of-charities.charitycommission.gov.uk/charity-search/-/charity-details/3944745/trustees"">trustee</a> of Fulmer Education Trust, which is part of the OneSchool Global network",job,
Exclusive Brethren,Conservative party,"The Exclusive Brethren has <a target=""_blank"" href=""https://www.thetimes.co.uk/article/religious-sect-campaigns-and-prays-for-the-tories-82pk5s88tws"">campaigned for the Conservative party</a> in past elections",connection,
UK government,Techniclean Supply Ltd,"Techniclean Supply was awarded a <a target=""_blank"" href=""https://bylinetimes.com/2020/08/10/companies-linked-to-exclusive-brethren-evangelical-sect-awarded-hundreds-of-millions-of-ppe-government-contracts/"">£20 million contract</a> to supply face masks",contract,20000
Charles Allen Campbell,The Bloomhill Trust,"Charles Allen Campbell is a <a target=""_blank"" href=""https://bylinetimes.com/2020/08/10/companies-linked-to-exclusive-brethren-evangelical-sect-awarded-hundreds-of-millions-of-ppe-government-contracts/"">trustee</a> at The Bloomhill Trust",job,
Charles Allen Campbell,Blueleaf,"Charles Allen Campbell is a <a target=""_blank"" href=""https://bylinetimes.com/2020/08/10/companies-linked-to-exclusive-brethren-evangelical-sect-awarded-hundreds-of-millions-of-ppe-government-contracts/"">director</a> at Blueleaf",job,
Exclusive Brethren,Gareth Hales,Gareth Hales is a prominent member of the Evangelical Christian group Exclusive Brethren,job,
Kate Bingham,Admiral Associates,"Kate Bingham, appointed to head up the UK Vaccine Taskforce by Boris Johnson, has <a target=""_blank"" href=""https://www.thetimes.co.uk/article/vaccine-tsar-kate-bingham-runs-up-670-000-pr-bill-sjxmrz2bx"">charged the taxpayer £670,000 on boutique consultants at London PR agency Admiral Associates</a>, despite the fact that the Department for Business, Energy and Industrial Strategy (in which the Vaccine Taskforce sits) has its own communications team",contract,670
UK government,Admiral Associates,"Kate Bingham, appointed to head up the UK Vaccine Taskforce by Boris Johnson, has <a target=""_blank"" href=""https://www.thetimes.co.uk/article/vaccine-tsar-kate-bingham-runs-up-670-000-pr-bill-sjxmrz2bx"">charged the taxpayer £670,000 on boutique consultants at London PR agency Admiral Associates</a>, despite the fact that the Department for Business, Energy and Industrial Strategy (in which the Vaccine Taskforce sits) has its own communications team",contract,670
Kate Bingham,Boris Johnson,Kate Bingham was appointed to run the UK Vaccine Taskforce by Boris Johnson,job,
Admiral Associates,Angus Collingwood-Cameron,Angus Collingwood-Cameron is company secretary of Admiral Associates,job,
Chillingham Wild Cattle Association,Angus Collingwood-Cameron,Angus Collingwood-Cameron is a director at Chillingham Wild Cattle Association,job,
Humphry Wakefield,Dominic Cummings,Humphry Wakefield is father-in-law to Dominic Cummings,family,
Chillingham Wild Cattle Association,Humphry Wakefield,Humphry Wakefield is a director at Chillingham Wild Cattle Association,job,
Jesse Norman,Boris Johnson,"Jesse Norman and Boris Johnson were contemporaries and <a target=""_blank"" href=""https://www.theguardian.com/education/2013/apr/27/jesse-norman-eton-school-uk-government"">knew each other at Eton</a>",informal,
Mary Wakefield,Dominic Cummings,Mary Wakefield and Dominic Cummings are married,family,
Mary Wakefield,The Spectator,Mary Wakefield is a columnist and editor at The Spectator,job,
Boris Johnson,The Spectator,"Boris Johnson was <target=""_blank"" href=""https://en.wikipedia.org/wiki/The_Spectator"">editor of The Spectator</a> from 1999-2005",job,
Boris Johnson,Mary Wakefield,"Mary Wakefield began her career at The Spectator when she <a target=""_blank"" href=""https://www.tatler.com/article/spectator-magazine-social-web-links-to-tory-cabinet"">won a travel writing competition</a> judged by then-editor Boris Johnson",job,
Humphry Wakefield,Mary Wakefield,Mary Wakefield is the daughter of Humphry Wakefield,family,
Emily Duncan,Centre for Policy Studies,"Emily Duncan is the <a target=""_blank"" href=""https://www.cps.org.uk/about/our-team/emily-duncan/"">Chief Operating Officer</a> at the rightwing think tank, Centre for Policy Studies",job,
Emily Duncan,New Schools Network,"Emily Duncan was previously <a target=""_blank"" href=""https://www.cps.org.uk/about/our-team/emily-duncan/"">Head of External Relations</a> at the New Schools Network",job,
Fraser Nelson,The Spectator,"Fraser Nelson is the <a target=""_blank"" href=""https://en.wikipedia.org/wiki/Fraser_Nelson"">editor of The Spectator</a>",job,
Fraser Nelson,Centre for Policy Studies,"Fraser Nelson is a <a target=""_blank"" href=""https://find-and-update.company-information.service.gov.uk/officers/0bK8OgD7QhYev4WxoRSMml7AXFU/appointments"">director at the Centre for Policy Studies</a>",job,
James Frayne,Rachel Wolf,"James Frayne is <a target=""_blank"" href=""https://www.conservativehome.com/thetorydiary/2019/11/the-conservativehome-columnists-and-the-conservative-party-manifesto.html"">married to Rachel Wolf</a>",family,
Rachel Wolf,David Cameron,"Rachel Wolf was an <a target=""_blank"" href=""https://www.conservativehome.com/thecolumnists/2019/09/rachel-wolf-in-defence-of-cameron.html"">education and innovation adviser at Number 10</a> while David Cameron was Prime Minister",job,
James Frayne,Michael Gove,"James Frayne was <a target=""_blank"" href=""https://policyexchange.org.uk/author/james-frayne/"">Director of Communications for the Department for Education 2011-12</a>, when Michael Gove was Education Secretary",job,
James Frayne,Policy Exchange,"James Frayne is <a target=""_blank"" href=""https://policyexchange.org.uk/author/james-frayne/"">Director of Policy & Strategy</a> at Policy Exchange",job,
James Frayne,North East Says No,"James Frayne was <a target=""_blank"" href=""https://policyexchange.org.uk/author/james-frayne/"">Campaign Director</a> for North East Says No",job,
Dominic Cummings,North East Says No,"Dominic Cummings was a <a target=""_blank"" href=""https://www.theguardian.com/politics/2019/nov/12/dominic-cummings-honed-strategy-2004-vote-north-east"">""strategic adviser""</a> to North East Says No",job,
Philip Dunne,Rupert Soames,"Philip Dunne, a Conservative MP, is <a target=""_blank"" href=""https://www.telegraph.co.uk/news/politics/12056976/Ministers-reveal-use-of-controversial-blind-trust-schemes-in-long-awaited-transparency-data.html"">brother-in-law to Rupert Soames</a>, the CEO of Serco",family,
Michael Spencer,Leader's Club,"Michael Spencer is a <a target=""_blank"" href=""https://www.opendemocracy.net/en/dark-money-investigations/revealed-the-elite-dining-club-behind-130m-donations-to-the-tories/"">member of the exclusive Leader's Club</a>, a dining club for wealthy Conservative donors",member,
Michael Spencer,Conservative party,"Michael Spencer has given <a target=""_blank"" href=""http://search.electoralcommission.org.uk/?currentPage=2&rows=10&query=michael%20spencer&sort=RegulatedEntityName&order=asc&tab=1&et=pp&et=ppm&et=tp&et=perpar&et=rd&isIrishSourceYes=true&isIrishSourceNo=true&prePoll=false&postPoll=true&register=gb&register=ni&register=none&optCols=Register&optCols=CampaigningName&optCols=AccountingUnitsAsCentralParty&optCols=IsSponsorship&optCols=IsIrishSource&optCols=RegulatedDoneeType&optCols=CompanyRegistrationNumber&optCols=Postcode&optCols=NatureOfDonation&optCols=PurposeOfVisit&optCols=DonationAction&optCols=ReportedDate&optCols=IsReportedPrePoll&optCols=ReportingPeriodName&optCols=IsBequest&optCols=IsAggregation"">over £280,000 to the Conservative party</a> since 2006",donor,280
Michael Spencer,Centre for Policy Studies,"Michael Spencer is the <a target=""blank"" href=""https://www.cps.org.uk/media/press-releases/q/date/2020/01/06/cps-appoints-michael-spencer-as-chairman/"">chairman of rightwing think tank the Centre for Policy Studies</a>",job,
Michael Spencer,Conservative party,"Michael Spencer <a target=""_blank"" href=""https://en.wikipedia.org/wiki/Michael_Spencer"">served as Treasurer of the Conservative party</a> from 2006 to 2010",job,
Philip Dunne,Conservative party,Philip Dunne is a Conservative MP,job,
UK government,Faculty Science Ltd,"Faculty Science was awarded a <a href='https://www.theguardian.com/technology/2020/jun/02/ai-firm-that-worked-with-vote-leave-wins-new-coronavirus-contract'>£400,000 contract by the Ministry of Housing, Communities and Local Government</a>, under which it will analyze social media data, utility bills and credit rating scores to assess the impact of COVID-19.",contract,400
Ben Warner,Mark Warner,"<a href=""https://www.theguardian.com/world/2020/apr/26/no-10-advisers-at-sage-meetings-dominic-cummings-ben-warner-key-questions-that-need-answering"">Ben and Mark Warner</a> are siblings.",family,
Ben Warner,UK government,"Ben Warner <a href=""https://www.theguardian.com/technology/2020/jun/02/ai-firm-that-worked-with-vote-leave-wins-new-coronavirus-contract"">works for Downing Street</a> and has <a href=""https://www.theguardian.com/world/2020/apr/24/revealed-dominic-cummings-on-secret-scientific-advisory-group-for-covid-19"">attended SAGE meetings on the pandemic response</a>.",job,
Ben Warner,Conservative party,"Ben Warner ran the private computer model for the Conservative Party during the <a href=""https://www.thetimes.co.uk/article/leave-campaigns-data-geek-joins-no-10-3klj3566j"">2019 general election</a>.",job,
Ben Warner,Faculty Science Ltd,"Ben Warner is a <a href=""https://www.thetimes.co.uk/article/leave-campaigns-data-geek-joins-no-10-3klj3566j"">commercial principal</a> at Faculty Science",job,
Dominic Cummings,Ben Warner,"Domminic Cummings <a href=""https://www.theguardian.com/world/2020/may/04/vote-leave-ai-firm-wins-seven-government-contracts-in-18-months"">hired Ben Warner to work for Downing Street</a>, following his work on data models for Vote Leave and the 2019 general election",job,
Mark Warner,Faculty Science Ltd,"Mark Warner is the <a href=""https://faculty.ai/about-us/"">CEO and co-founder of Faculty</a>",job,
Mark Warner,UK government," Mark Warner has <a href=""https://www.theguardian.com/technology/2020/jun/02/ai-firm-that-worked-with-vote-leave-wins-new-coronavirus-contract"">attended SAGE meetings on the pandemic response</a>",meeting,
Theodore Agnew,Faculty Science Ltd,"Theodore Agnew <a href='https://www.theguardian.com/technology/2020/jun/02/ai-firm-that-worked-with-vote-leave-wins-new-coronavirus-contract'>owns £90,000 of Faculty Science shares</a>",informal,
Theodore Agnew,UK government,"Theodore Agnew is <a href=""Minister of State at the Cabinet Office and Her Majesty’s Treasury"">Minister of State at the Cabinet Office and Her Majesty’s Treasury</a>",job,
Nicola Blackwood,Conservative party,"<a href=""https://en.wikipedia.org/wiki/Nicola_Blackwood"">Nicola Blackwood</a> is a Conservative peer and former MP",job,
Nicola Blackwood,Paul Bate,"<a href=""https://en.wikipedia.org/wiki/Nicola_Blackwood"">Nicola Blackwood</a> and Paul Bate are married",family,
Paul Bate,Babylon Health,"Paul Bate is a <a href=""https://uk.linkedin.com/in/paul-bate-4b23855"">Commercial VP</a> at Babylon Health",job,
Babylon Holdings,Babylon Health,"Babylon Holdings is a holding company for Babylon Health and is <a href=""https://www.ft.com/content/1857cd9c-2afc-11e9-a5ab-ff8ef2b976c7"">registered in Jersey</a>",corporate,
Babylon Holdings,Jersey,"Babylon Holdings is <a href=""https://www.ft.com/content/1857cd9c-2afc-11e9-a5ab-ff8ef2b976c7"">registered in Jersey</a>",jurisdiction,
George Osborne,Evening Standard,"<a href=""https://en.wikipedia.org/wiki/George_Osborne"">George Osborne</a> is editor-in-chief of the daily newspaper The Evening Standard",job,
Babylon Health,Evening Standard,"Babylon Health has <a href=""https://www.buzzfeed.com/laurasilver/health-secretary-matt-hancock-evening-standard-sponsored-by"">paid for content in the Evening Standard</a> as part of the ""Future London"" project",informal,
Emily Sheffield,David Cameron,"Emily Shieffield is the <a href=""https://en.wikipedia.org/wiki/Emily_Sheffield"">sister-in-law</a> of David Cameron",family,
George Osborne,Conservative party,"<a href=""https://en.wikipedia.org/wiki/George_Osborne"">George Osborne</a> is a former Conservative MP and Chancellor of the Exchequer",job,
George Osborne,UK government,"<a href=""https://en.wikipedia.org/wiki/George_Osborne"">George Osborne</a> is a former Conservative MP and Chancellor of the Exchequer",job,
Mark Simmonds,Circle Health,"Mark Simmonds was <a href=""https://www.bbc.com/news/uk-politics-17104463"">paid £50,000 a year as a strategic adviser to Circle Health</a>, while he served as a Conservative MP",job,
Ali Parsa,Circle Health,"<a href=""https://en.wikipedia.org/wiki/Ali_Parsa"">Ali Parsa</a> is a businessman who founded Circle Health and Babylon Health",job,
Ali Parsa,Babylon Health,"<a href=""https://en.wikipedia.org/wiki/Ali_Parsa"">Ali Parsa</a> is a businessman who founded Circle Health and Babylon Health",job,
Mark Simmonds,Conservative party,"<a href=""https://en.wikipedia.org/wiki/Mark_Simmonds"">Mark Simmonds</a> is a former Conservative MP",job,
Ectoplasm,Excalibur Healthcare Services,"Ectoplasm is the <a href=""https://bylinetimes.com/2020/10/01/135-million-government-contract-ventilators-offshore-linked-firm/"">owner of Excalibur Healthcare Services</a>",corporate,
Ectoplasm,Isle of Man,"Ectoplasm is a company <a href=""https://opencorporates.com/companies/im/013201V"">registered in the Isle of Man</a>",jurisdiction,
UK government,Excalibur Healthcare Services,"Excalibur Healthcare Services was awarded a <a href=""https://bylinetimes.com/2020/10/01/135-million-government-contract-ventilators-offshore-linked-firm/"">£135.5 million contract to supply ventilators</a> to the UK government",contract,135500
Exclusive Brethren,UBT,"UBT (""Universal Business Team"") is a business advisory group that is linked to the Evangelical Christian group <a href=""https://togetherwearebrethren.com.au/our-network/"">Exclusive Brethren</a>",member,
Vote Leave,Dominic Cummings,"Dominic Cummings co-founded the <a href=""https://en.wikipedia.org/wiki/Vote_Leave"">Vote Leave</a> campaign",job,
Vote Leave,Paul Stephenson,"Paul Stephenson was <a href=""https://www.theguardian.com/world/2020/sep/04/dominic-cummings-allys-pr-firm-hanbury-strategy-given-covid-19-contracts-without-tenders"">communications director</a> for the Vote Leave campaign",job,
Hanbury Strategy,Paul Stephenson,"Paul Stephenson <a href=""https://www.theguardian.com/world/2020/sep/04/dominic-cummings-allys-pr-firm-hanbury-strategy-given-covid-19-contracts-without-tenders"">co-founded</a> lobbying and PR firm Hanbury Strategy",job,
UK government,Hanbury Strategy,"The Cabinet Office <a href=""https://www.theguardian.com/world/2020/sep/04/dominic-cummings-allys-pr-firm-hanbury-strategy-given-covid-19-contracts-without-tenders"">spent £580,000</a> for public opinion research from Hanbury Strategy, a PR and lobbying firm. The contract was awarded without competitive tender.",contract,580
George Pascoe-Watson,Natalie Pascoe-Watson,George Pascoe-Watson is married to Natalie Pascoe-Watson (nee Kirby),family,
Conservative party,Natalie Pascoe-Watson,"Natalie Pascoe-Watson (nee Kirby) previously <a href=""https://www.prweek.com/article/1334695/ex-mcdonalds-tory-pr-chief-natalie-pascoe-watson-forms-pr-speaker-agency"">worked in the Conservative Party press office</a> for eight years",job,
James Bethell,George Pascoe-Watson,"George Pascoe-Watson served as an <a href=""https://www.thetimes.co.uk/article/george-pascoe-watson-among-lobbyists-given-secret-access-to-covid-meetings-tzxkc0jkp?utm_source=POLITICO.EU&utm_campaign=330d20d2b1-EMAIL_CAMPAIGN_2020_11_16_06_52&utm_medium=email&utm_term=0_10959edeb5-330d20d2b1-190627488"">adviser to health minister Lord Bethell</a> for six months, ""before sending sensitive information on lockdown policy to paying clients""",job,
UK government,George Pascoe-Watson,"George Pascoe-Watson served as an <a href=""https://www.thetimes.co.uk/article/george-pascoe-watson-among-lobbyists-given-secret-access-to-covid-meetings-tzxkc0jkp?utm_source=POLITICO.EU&utm_campaign=330d20d2b1-EMAIL_CAMPAIGN_2020_11_16_06_52&utm_medium=email&utm_term=0_10959edeb5-330d20d2b1-190627488"">adviser to health minister Lord Bethell</a> for six months, ""before sending sensitive information on lockdown policy to paying clients""",job,
Tulchan Group,Andrew Feldman,"Andrew Feldman is a <a href=""https://www.opendemocracy.net/en/dark-money-investigations/revealed-former-tory-chairman-was-secretly-appointed-covid-advisor/"">managing director</a> at PR consultancy, Tulchan",job,
James Bethell,Andrew Feldman,"Andrew Feldman ""worked as an <a href=""https://www.opendemocracy.net/en/dark-money-investigations/revealed-former-tory-chairman-was-secretly-appointed-covid-advisor/"">unpaid adviser</a> to health minister Lord Bethell""",job,
Portland Communications,James O’Shaughnessy,James O’Shaughnessy works at Portland Communications,job,
Portland Communications,George Pascoe-Watson,"George Pascoe-Watson is <a href=""https://www.theguardian.com/politics/2020/nov/15/labour-criticises-lobbyists-involvement-in-covid-strategy-calls"">director</a> of the PR consultancy Portland Communications",job,
Matt Hancock,Tulchan Group,"Records indicate that the PR firm Tulchan Group was <a href=""https://bylinetimes.com/2020/11/16/cronyvirus-ministers-covid-19-meetings-vote-leave-conservatives/"">present at a private meeting</a> in which Health and Social Care Secretary Matt Hancock discussed the government's ""testing ambition"" with Oxford Nanopore",meeting,
UK government,Boston Consulting Group,"Data collated by the Spend Network show that <a href=""https://www.theguardian.com/world/2020/oct/14/consultants-fees-up-to-6250-a-day-for-work-on-covid-test-system"">BCG has been awarded contracts worth at least £18.3 million</a> for work related to the pandemic.",contract,18500
Boston Consulting Group,James O’Shaughnessy,"According to The Sunday Times, James O’Shaughnessy <a href=""https://www.theguardian.com/politics/2020/nov/15/labour-criticises-lobbyists-involvement-in-covid-strategy-calls"">took part in a call</a> with Lord Bethell and Boston Consulting Group, a Portland client.",meeting,
Portland Communications,Boston Consulting Group,"Boston Consulting Group is a <a href=""https://www.theguardian.com/politics/2020/nov/15/labour-criticises-lobbyists-involvement-in-covid-strategy-calls"">client of Portland Communications</a>",corporate,
Boston Consulting Group,James Bethell,"According to The Sunday Times, James O’Shaughnessy <a href=""https://www.theguardian.com/politics/2020/nov/15/labour-criticises-lobbyists-involvement-in-covid-strategy-calls"">took part in a call</a> with Lord Bethell and Boston Consulting Group, a Portland client.",meeting,
James O’Shaughnessy,James Bethell,"According to The Sunday Times, James O’Shaughnessy <a href=""https://www.theguardian.com/politics/2020/nov/15/labour-criticises-lobbyists-involvement-in-covid-strategy-calls"">took part in a call</a> with Lord Bethell and Boston Consulting Group, a Portland client.",meeting,
Evening Standard,Emily Sheffield,"<a href=""https://en.wikipedia.org/wiki/Emily_Sheffield"">Emily Sheffield</a> is editor of the Evening Standard",job,
Tulchan Group,Oxford Nanopore,"Lord Feldman's PR firm, Tulchan, <a href=""https://www.bbc.com/news/uk-54975507"">took on Oxford Nanopore as a paying client</a> after the firm had been awarded a £28 million contract for COVID testing kits with the Department of Health",job,
UK government,Oxford Nanopore,"Oxford Nanopore has been awarded, among others, <a href=""https://www.bbc.com/news/uk-54975507"">two contracts by the Department of Health</a> for COVID testing kits, one for <a href=""https://www.contractsfinder.service.gov.uk/Notice/4cad12f6-cb34-4429-9e9c-e96c505ce9f5?origin=SearchResults&p=1"">£28 million</a> and one for <a href=""https://www.contractsfinder.service.gov.uk/Notice/39876d00-f2ea-43ad-b521-4134bf897f7e?origin=SearchResults&p=1"">£112 million</a>.",contract,140000
Matt Hancock,Oxford Nanopore,"Records indicate that the PR firm Tulchan Group was <a href=""https://bylinetimes.com/2020/11/16/cronyvirus-ministers-covid-19-meetings-vote-leave-conservatives/"">present at a private meeting</a> in which Health and Social Care Secretary Matt Hancock discussed the government's ""testing ambition"" with Oxford Nanopore",meeting,
Tulchan Group,Oxford Nanopore,"Records indicate that the PR firm Tulchan Group was <a href=""https://bylinetimes.com/2020/11/16/cronyvirus-ministers-covid-19-meetings-vote-leave-conservatives/"">present at a private meeting</a> in which Health and Social Care Secretary Matt Hancock discussed the government's ""testing ambition"" with Oxford Nanopore",meeting,
Deborah Feldman,Conservative party,"Deborah Feldman ""<a href=""https://bylinetimes.com/2020/08/24/the-conservative-crosby-insider-running-coronavirus-meme-firm-topham-guerin/"">was embedded in Conservative Party HQ</a> during the 2015 General Election campaign, running Team2015, which coordinated party volunteers"". She later became ""<a href=""https://bylinetimes.com/2020/08/24/the-conservative-crosby-insider-running-coronavirus-meme-firm-topham-guerin/"">head of operations for Zac Goldsmith’s London Mayoral campaign</a>.""",job,